3,ames,ames_c,ames|secondarycore
3,bidbotecho,bidbot
3,bidserv
3,bojii,bojii_
3,delegatorbot
3,desertbot
3,diderobot,diderobot_,diderobot_test
3,ekimbot,ekimbot-unbound,ekimbot_dev,ekimbot|4,ekimtestbot
3,grapheme
3,harbot
3,heufybot,heufybot2,hoofybot,huefybot,re_heufybot,pyheufybot
3,hubbot,hubbot_,hubbot__
3,memebot
3,nopebot
3,pymoronbot,pymoronbot_,pymoronbottemp,pymoronbutt,moronbot
3,robobo,robobo_
3,safebot,unsafebot,unsafebot_
1,__varitel__,__varitel___,varitel
1,_joey,joey
1,a_t,a_t_,a_t__
1,aahsomethinggreen,aahsomethinggreen_
1,aberrantknight,aberrant_knight
1,ablackcanadian,ablackcanadian_jackie
1,ace_jam-lemons,ace_jam-lemons_
1,actuallyabear,actuallyabear_
1,adele,adele_
1,admiralmatt,admiralmatt_
1,admiralmemo,admiral_memo,admiralmemo_away,admiralmemo_sleep,admiralmemo_test,admiralmemo_work
1,aeliawyndsong,aeliawyndsong_,aeliawyndsong__
1,aerobang,aerobeing,waerobeing
1,aerocmdr,aerocmdr-phone,aerocmdrmura,aerobutt,aerobutting,aerobutts,aerocaitiri,aerokw,aeromash,aeromesh,aeronimura,aeroshimura,aerowk
1,aeryn,aerybutt,aerycheese,aerydroid,aerykitty,aerykittysaur,aerymonogatari,aerynheatesbt,aeryn|skyrim,aerysaur,aerysaurus,aeryshower,aerytablet,aerytentacles,aery|bl2,aery|fable3,aery|skyrim,aer|ff13-2,aeroyn,aerteliarorona,aertelierrorona,aery-ff9,aery-lol,aery|lol,deadryn,aereffkay,buttryn,goatryn,kittyryn,maidryn,sleepingryn,sleepyryn,smartryn
1,agent86,agent_86
1,agge,agge2,agge_,agge__
1,aislinn,aislinn_
1,alcadots,alcadots___
1,alex_b,alex_b_
1,alex_mercer,alex_mercer_
1,alexanderditto,alexanderditto_
1,alexashman,alexashman_
1,alexisonfire,alexisonfire96
1,algelius_,algelius
1,alibi,alibi_
1,amanwithamission,amanwithamission_
1,anaerin,anaerin_,|anaerin|
1,anarki,anarki_,anarki__
1,andreas_,andreas__
1,androuser,androuser2
1,andysouptin,andysouptin_
1,angnor,angnor_
1,angryoptimist,angryoptimist_,angryoptiphone,angryoptiphone_
1,annathered,annathered_
1,anthony__,anthony
1,antman,antman13579,antman9000,antman_
1,antman-phone,antman-phone2
1,anubis169,anubis169|aw,anubis169|away,anubis169|fixingnicks,anubis169|hkitainsbananas,anubis169|hkitainspopcorn,anubis169|stuckinm33ting,anubis169|tr4v3lthing,anubis169|w0rkthing,anubis170|w0rkthing,dreadpirateroberts
1,aranea,aranea_
1,area,area_
1,armadillo_al,armadillo_al_
1,artemis,artemis1,artemis2,artemis_
1,artsiergrrrl_,artsiergrrrl
1,artsygrrl_,artsygrrl
1,asbumste,asbumste_
1,asddsa28,asddsa28_
1,ashra,ashra_
1,ashton,ashton_
1,asianschoolgirl,asianschoolgirl|gettingstuffed
1,asoxa,asoxa_
1,asthanius,asthanius_
1,asty,asty_
1,athiator,athiator_
1,atila_the_fun,atila_the_fun_
1,awful__,awful,awful_
1,aziraphalesshop,aziraphalesshop_
1,azuredragon,azuredragon_
1,azuredragoon,azure-dragoon
1,badatgaems,badatgaems_
1,baes,baes90
1,barcodereader321,barcodereader,barcodereader321_
1,baron,baron_
1,battlemonk,battlemonk____
1,beamthechao,beamthechao_
1,beaujeux,beaujeux_
1,beckbat,beckbat_
1,behatted_saint,behatted_saint_
1,benjenisdaario,benjenisdaario__
1,bertz,bertz_
1,bertzz,bertzz_,bertzz__
1,billthecat,billthecat_,robobilltcat,billthephone,biiithecat,billtcat,billtehcat,billthebat,billthecait,billthecrazycat,billtheduck,billthelunch,billthephon,billthepi
1,binkystalls,binkystalls_
1,blast_hardcheese,blast-hardcheese
1,blastedt,blastedt1
1,bliblob,bliblob_
1,blip42,blip2004
1,blipblipblur,blipblipblur_
1,blix,blix_
1,bjornsnoen,bjornsnoen|away,bjornsnoen|dreaming,bjornsnoen|work
1,bloo_doom,bloo_doom_,bloo_doom__
1,bluedefender,bluedefender_
1,bobbin,bobbin_
1,bobthegreatandpowerful,bobthegreatandpowerful_
1,bobz,bobz__
1,bogoblin,bogoblin_
1,bolshevik_,bolshevik
1,boopymcbooperton,boopymcbooperton_
1,bor3ds0ul_,bor3ds0ul
1,bordaerlands2,bordaerlands
1,braininator,braininator_
1,brainstew,brainsaute,brainsear,brainsimmer,braintrain,braincell,braincells,brainwork
1,brand_hill,brand_hill_,brandhill
1,bravestarr,bravestarr_
1,bri-fox,bri-fox_
1,briedoof,briedoof2,briedoof_
1,brightcide,brightcide_
1,bryligg,bryligg_,bryligg__
1,bryy,bryy_
1,bubba0077,bubba0007
1,bugguz,bugguz__
1,busdriver,bus_driver
1,busted,busted_
1,buttersunset,butter_sunset
1,buttons,buttons37
1,byte-smasher_,byte-smasher
1,caffeinatedlemur,caff_lemur_preppin_stream,caff_lemur-preppin_stream,caffeinatedlemur_,caffeinatedlemur|2,caffeinatedlemur-phone,caffeinatedlemur_phone,caffeinatedlemur-streaming,caffeinatedlemur-work,caffeinatedstreamer,caffeintatedlemur-streaming,caffinatedlemur,cafflemur_away,barelyalivelemur,brokenlemur,caffeinated-stream-prep,caffeinatedf1lemur,caffeinatedfossa,caffeinatedlemur-awayprepping,coffeenated_lemur,deadedlemur,deadedlemurisdead,headache-lemur,headachelemur,workinglemur-break,workinglemur-lunch,workinglemur-postwork
1,caitiri,caitiri_2,caity,caity_,cozycait,batcait,batgirlcait,classycait,stressedcait,darkwingcaitmglamcait,kittehcait,kittycait,redpandacait,santacait,schoogirlcait,schoolgirlcait,secretarycait,shinycait,sickcait,caityshine,doctorcaitiri,ghostiri
1,callmecal,callmecal_
1,cammcv,cammcv_
1,camthelion,camthelion_
1,canageek,canageek|mara
1,canibalduk,canibalduk_
1,cantwearhats,cantwearhats_,cantwearapps,cantwearhats_phone,
1,capnhat,capnhat87
1,captainrobert,captainrobert1111,capnrobert,capnroberts,captainnrobert,captainnrobert-work,captainrobert-work
1,captainspam,captainspam_,captain_captainspam,captainspamphone,spamonthego,spamatwork,spamonthephone
1,cardshark,cardshark_
1,carl_,carl,carl|,carl_miller
1,catelite,cate,cate[200ft],cate[50ft]
1,catsrock85_,catsrock85
1,celestya,celestya_
1,cephalopod-inc,cephalopodinc
1,cephyric,cephyric_
1,ceris75,ceris75_
1,cfpreston_,cfpreston
1,chaotix89,chaotix89_,chaotix89___
1,chaucer345,chaucer345_
1,cheeseit,cheeseit_
1,cheetojack,cheeto_jack
1,cheezweazl,cheezweazl_
1,chelle_,chelle
1,chemistring,chemistring|afk,chemistring|phone
1,cherubimcw,cherubimcw_
1,chimingfish,headlessfish
1,chipptunes,chipptunes_
1,chrusher,chrusher_,doctor_chrusher,chrusher_work,chrusher_old_mac,chrusher_phone
1,chton,chton2
1,chuzzle,chuzzle_,chuzzle_2,chuzzle|2,chuzzl,chuzzle_school,chuz|away,chuz|awaymurr,chuz|awy,chuz|phone,chuz|train,chuz|school,chuz_school
1,chrono2x,chrono2x_alt,chrono2x_lap,
1,cider,cider_
1,ckiv,ckiv_
1,clack1212,clack12,clack13,clack16
1,clankenbeard,clankenbeard_
1,clevervideogamereference-,clevervideogamereference
1,clobbs_,clobbs,clobbs__
1,closecalls,closecalls_
1,cmot-dibbler,cmot-dibbler_
1,cntrational,cntarantula,cntbasket,cntbuddha,cntbutt,cntcat,cntdalek,cntdysrational,cntelench,cntfngap,cntgandhi,cntgay,cntgrational,cntgwhhatkeundzht,cnthipster,cntirrational,cntmoo,cntmuad`dib,cntnamstyle,cntpirate,cntquebec,cntr,cntracli,cntraiden,cntraishynyhll,cntrashnl,cntrationananal,cntrtnl,cntrussia,cntsenpai,cntshaitan,cntstorm,cntviking,cntzerland,cntzombie,spookycnt
1,coalescia,coalescia_
1,cobblepike,cobblepike_
1,compleat,compleat_,compleat__
1,coolbond,coolbond_
1,corallis,corallis_
1,corndog_advocate,corndogadvocate
1,crash,crash_,crash__
1,crazy-coug,crazy-coug_,crazy_coug
1,crazymax46,crazymax462,crazymax46browser,crazymax46|browser
1,creed_,creed
1,crypto55,crypto
1,cuddlyblade,cuddlyblade_,cuddlyblade_pc,cuddlybladepc
1,culturalgeekgirl,culturalgeekgirl_
1,cultureshock007,cultureshock007_
1,cutter069,cutter069_
1,cuttlefishman,cuttlefishman_,cuttlefishman_1-0,cuttlefishman_2-0,cuttlefishman_3-0,cuttlef__,cuttlefi_,cuttlefishman_alternus,cuttlefishman_education,cuttlefishman_in_universitate,cuttlefishman_of_the_scotias,cuttlefishman_scholaris,cuttlefishman_scholasticae,cuttlefishman_teano,cuttlefishman_university,cuttlefishmanmazingerzsentai,cuttlefishmantarponyfish,cuttlefishmanthepunmaster,cuttlefishwoman,cuttlefishzerland
1,cybertrash,cybertrash_
1,cyris,cyris_
1,d-rizzle,d-rizzle_
1,dacymus,dacymus_
1,daktoathegreat,daktoa_the_great,daktoathegreat_
1,daneislazy,daneislazy_
1,dark_,dark
1,dark_kitten,dark_kitten_
1,darktan,darktan_
1,darth_vad3r,darth_vad3r_
1,dave,dave_random
1,david,david_
1,davro,davro_
1,dbcommand,dbcommand_
1,deathjavu,deathjavu_,deathjavu__,deathjavu___,deathjavu-lazy,deathjavu_phone
1,deathzor,deathzor123,deathzor123456,deathzor_
1,defacer607,defacer,defacer6071
1,deiwos,deiwos_
1,delta,delta_
1,dentedpockets,dentedpockets_
1,derdrongo,derdrongo_
1,desertbus,desertbus306
1,despoiler_,despoiler
1,dessertbusser,dessert_busser,dessertbusser_
1,destra,destra_,destra__
1,dewman001,dewman001_,dewman001|2,dewman002,dewman001sfaithinhumanity,dewman001sgoodjudgement,dewman001|awayforcomedy,dewman001|awayforgamez,dewman001|awayfornoms,dewman001|awayforteatimez,dewman001|iambestathat,dewman001|mobilityunita,dewman001|phone,dewman001|schooltimez
1,dezren,dezren2
1,dgatsby,dgatsby_
1,dialmformara,dial_m_for_mara
1,dicey,dicey1,dicey2,dicey-twerk,dicey|monaco,dicey|phone,dicey|tablet,dicey-work
1,didero,didero_,didebro,dideraging,dideralso,dideremote,dideroaming,derosghost,diderosghostsghost,didero|afk,didero|dinner,didero|gaming,didero|lunch,didewrong,diiiiiideeeeeeroooooo,didero|work
1,digi,digi7
1,dinokittehfrog,dinokittehfrog1,dinokittehfrog_,crisis_dkf,zombie_dinokittehfrog,zombiedinokittehfrog,cinnamon_dkf,dinocrittehfrog,dinodotkittehfrog,dinokittehfrog_corpse,dinokittehfrogc,dinokittehfrogpiggy,dinopuppehfrog,frozen_dkf,fuffy_frog,ghost_dkf,ghostyghost_frog,gooey_dkf,hotchoco_dfk,invisi_dkittehf,invisible_dfk,invisible_dinokittehfrog,invisible_dkf,invisidfk,kittehdinofrog,nano_dfk,squished_dinokittehfrog
1,diresloth,dire_sloth,diresloth_
1,dirk,dirk_
1,dirk_gently,dirk_gently_
1,diserasta,diserasta1,diserasta3,diserasta44
1,dissolv_,dissolv___
1,divinemissbee,divinemissbee_
1,djgamer,djgamer_
1,doc_cadence,doc_cadence_
1,doctorgyarados,doctor_gyarados,doctorgyarados|away,doctorgyaradosaway,doctorgyaradroid,doctor_gyaradroid,docket,docket_2,doc-torgyarados,docg,docgbutts,docg|gyara,docketgyarados,docketsfingers,doctaeryrados,doctergyarados,doctor_z,doctoraerydos,doctordaverados,doctordeadrados,doctordipados,doctordonna,doctorfullados,doctorfullerdos,doctorg,doctorgame,doctorgarytoes,doctorgyar,doctorgyarabro,doctorgyarabutt,doctorgyaradave,doctorgyaradead,doctorgyaradis,doctorgyaradoesnt,doctorgyaradoge,doctorgyarados|gaem,doctorgyaraghost,doctorgyaramac,doctorgyaratwerk,doctorgyarawool,doctorgyardos,doctorgyrados,doctorgyroid,doctorhairados,doctorheufneutjdos,doctorspoopados,doktorgyarados,doktorjyarados,gyra,gyradroid,gyaradroid,guarantors,senatorthreebabies,senpai,doctorscarydos,gyaradread
1,doctormia_,doctormia
1,donated-from-germany,donated-from-germany_
1,dondon_,dondon
1,dragonyoung,dragonyoung__
1,dragoon,dragoon146,dragoon146__,dragoon-kun,dragoon|away,dragoon|inthepungeon,dragoon|lappy,dragoon|mobile,dragoon|paxaus,dragoon|sleep,dragoon|someofthesleep,dragoon|work,dragoon|wwhd
1,drathak,drathak_
1,driscoll,driscoll__
1,drmom,drmom_
1,duckiedale,duckiedale_
1,ducktape,ducttape,ducttape-hugemagnet|otp,ducttapebandit,ducttape|ds2,ducttape|finalsprep,ducttape|intheairbeingshownworld
1,duelladys,duel_lady_s_
1,dumori,dumor_i,dumori_,,dumorimasoddaa,dumori_masoddaa,dumorimasoddaa1,dumorimasoddaa_
1,durin,durin_
1,durugai,durugai_
1,eainix,eainix_
1,echopapa,echopapa_
1,eforen,eforen_
1,ehsteve88,ehsteve
1,eivind_,eivind
1,ekimekim,ekimekim_,ekimekim__,ekimekim___,ekimekim____,ekimekim________,ekimekim|9,ekimekim|laptop,ekimekim|laptop_,ekimekim|laptop__,ekimekim|work,ekimekim|work|5,ekim,ekim\home,ekimekim|2,ekimekim|4,ekimekim|5,ekimekim|6,ekimekim|blah,ekimekim|butt,ekimekim|dawnguard,ekimekim|dead,ekimekim|fon,ekimekim|foo,ekimekim|jetlag,ekimekim|jircs,ekimekim|mobile,ekimekim|nacl,ekimekim|nightwatch,ekimekim|pax,ekimekim|perx,ekimekim|phone,ekimekim|scurb,ekimekim|test,ekimekim|unconcious,ekimekim|windows,ekimekim|work|0,ekimekim|work|9,ekimekim|zetashift,ekimfon,ekim|fon,ekim|phone,ekim|win
1,elah,elah806,elah___,elah_____,elah[dead],elah[foodinface],elah[laundry],elah[scienceyshower],elah[vocal-takes-all-day],elah[zzz],elah[zzzzzzzzzzzzzz]
1,eldrazioutlaw,eldrazioulaw,eldrazioutlawn,eldrazioutlawphone,eldrazioutlaw|2,eldrazioutlaw|3,eldraziphone,eldrazisims,eldrazitrain,eldraziuni,eldrazyoutlaw,ghosteldrazi,ooutlaweldrazi,sleepyoutlaw,sleepysnoozyeldrazi,outlaw,outlaw2
1,elementalalchemist,alchy|hotel,alchy|jerks,alchy|jircs,alchy|telnet,alchy|test,alchy,alchy|2
1,elihuaran,elihu_aran
1,elominsha,elomin_sha
1,elpato,el_pato
1,emma,emma_,emma__
1,emtee,emtee\
1,eostby,eostby_
1,epicoolguy,epicoolguy_,epicoolguy__
1,epocalypse,epocalypse_
1,eruantano,eruantano1,eruantano_
1,es,es_,es__,es___
1,eskimojustice,eskimojustice_
1,eternull,eternull_
1,evil_smurf,evil_smurf_,evil_smurf__,evil_smurf_haxxor,evil_smurf_macbookpro,evil_smurfbot,evil_smurphone,evil_smurf_iphone,evil_smurf_-_iphone,good_smurf
1,evilproduct,evilproduct_
1,exile,pornomancer,pornomancer|srthe3
1,ezmariel,ezmariel__
1,fagstein,fagstein_,
1,famout,famout_,famout__,famout_|_busy_mode,famout_|_work_mode
1,falconfist,falconfist|away
1,falterfire,falterfire_
1,fastlane,fastlane250
1,faultymidget_,faultymidget
1,fayili,fayili1,fay,fayli
1,fbt,fbt[web]
1,featherweight,featherweight_,featherweight__
1,felix,felix_
1,fex,fex_
1,firbozz,firbozz_
1,firefuryamahira,firefury_amahira,firefury
1,fish42,fish
1,flailsquared,flailsquared_
1,flippi,flippi_
1,flushalongcassidy,flushalongcassidy_
1,flyingdutchman,flyingdutchman_
1,fredcheckers,fred_checkers
1,frednotbob,frednotbob_
1,fredzfrog,fredzfrog_
1,frienderman,frienderman[creepin]
1,frostwhisper_,frostwhisper
1,fuflacanth__,fuflacanth
1,fugi,fugi-droid,fugi-test,fugi-twitch,fugibot,fugiman,fugiman-droid,fujiman
1,funkybananas,funkybananas__
1,futuregazer,futuregazer_
1,gameboyalexander,gameboyalexander_
1,gamercow,gamercow_
1,gamergrimm,gamergrimm_,gamergrimm___
1,garfacemcgar,garface|twerk,garface|work
1,gdylan,gdylan_,gdylan___
1,geds81,geds
1,gee666,gee555
1,generalpants,general_pants
1,genomancer_,genomancer
1,gentleman_adventurer,gentleman_adventurer_
1,gentlymad,gentlymad_,gentlymad__
1,ghost,ghost__
1,ghost_of_aislinn,ghost_of_aislinn_
1,ghostofzero,kittehzero,zero
1,gigabowler,gigabowler_
1,gilles,gilles|pax
1,ginose,ginose_
1,glue,glue_
1,gobobgo,gobobgo82
1,god,god_
1,gosling,gosling_
1,greedierradish,greedyradish
1,grgriffin3,grgriffin3_,grgriffin3__
1,grillerdude,grillerdude_,griller-phone,grillerlappy
1,grizzlechips,grizzlechips_
1,grothe406,grothe406_
1,gruenhals,gruenhals_
1,guidance,guidance_
1,gulleko,gulleko_
1,cloudymoon,h--moon,h--moon_,h--moon|2,h-_-moon,h-__-moon,h-moon,h-moon|2,h--causefuckmoon,h--fightthepower,h--moon[sucks],h--notmoonbecauseheisajerk,h--tiredofloggingin-moon,h-ardlystable-moon,h-dumb,h-fucking-moon,h-goaway-moon,h-hatedbynickserv-moon,h-hulk,h-ihatenicserv-moon,h-isforhorific-moon,h-mobilcoker,h-mobilmoon,h-moon[fightthepower],h-moon[isfordumbs],h-moon_,h-mooning-moon,h-moonymoon,h-motherbussing-moon,h-nobadylikesyoumoon-moon,h-not-moon,h-notasgoodasbilly-moon,h-notreally-moon,h-piceofshit-moon,h-pileof-moon,h-shittymoon,h-silly-moon,h-someoneshoulddispatchof-moon,h-theshittestoflords-moon,h-uncooth-moon,h-waste-moon,h-whyareyouhearyoufuck-moon,h-whyareyouhereyoufuck-moon,h-worsethenbillypilgrim-moon,h-bussing-moon,h-bussingmoon,mobilemoon,noom--h--moon,noom-gnikcuf-h,not_h-moon,not-h-moon,princessyaoiface,cloudyghool,worthless
1,hagios,hagios_
1,hal6400,hal6400_,hal_6400
1,halfaringcircus,halfaringcircus_
1,halken,halken_,spookyhalken
1,halkun_birfday,halkun_birfday_
1,handsofglue_,handsofglue,handsofglue__
1,hankhill,hankhill2147
1,hanscanreadthis_,hanscanreadthis
1,happykidohyeah_,happykidohyeah
1,harthic,harthic_
1,haru_,haru
1,hatchetcats,hatchet_cats
1,haxorlakes,haxorlakes_
1,heald,heald1,heald_,heald__
1,hedwund,hedwund_
1,heinoustb,heinoustb__
1,helga,helga_
1,helle,ikarus,ikarus_
1,helliona,helliona_
1,henine,henine1,henine2,henine_,heninefon,heninefon_,heninefon__,heninetoo,heninetoo_,heninetoo__,other_henine,caffeinatedhenine,henine-windoze,henine-wind0ze,henine_from_hell
1,heufneutje,heuf,heufgyaratje,heufneutje`,heufneutjte,heufon,heuftkloud,heufy,heufy-senpai,heufybed,heufybells,heufybike,heufyboat,heufyborg,heufybro,heufybus,heufybutt,heufycait,heufycatbus,heufycatfeesh,heufycatfish,heufycioud,heufycloud,heufycluod,heufydead,heufyded,heufydragon,heufydroid,heufyfeesh,heufyfon,heufyfrog,heufygrump,heufyinternetpls,heufylappy,heufylightrainbutt,heufymara,heufymint,heufyonturkey,heufyovercast,heufypi,heufyplane,heufyrainbutt,heufysfon,heufytablet,heufytest,heufythunderbutt,heufytrain,heufyvhenry,heufyvloud,heufy|afk,heufy|away,heufy|beingfedandcleaned,heufy|brork,heufy|dead,heufy|fugiman,heufy|gaem,heufy|gaems,heufy|ingame,heufy|ipad,heufy|ipod,heufy|lappy,heufy|omnomnom,heufy|pokemonx,heufy|recording,heufy|sc1ool,heufy|school,heufy|sleep,heufy|studying,heufy|thing,heufy|twerk,heufy|wetandnaked,heufy|wo1k,heufy|work,heufy|workdragon,heufy|wurk,aheufydroid,aheufytrain,critsaurheufy,critsaurkittehheufeh,crittehkittehheufeh,crittehkittehheufy,captainheufy,dinocrittehheufy,dinoheufy,dinokittehheufeh,dinokittehheufy,fleufneutje,fleufybutt,fleufy|twerk,fleufy|work,garfield,garfieldthecat,garfield|ipod,garfield|lappy,garfield|work,geufybutt,geufytrain,hrufybus,huebutt,huefybutt,huefytrain,huefy|work,hueneutje,huetrain,kittehheufeh,kittehheufy,kittehsaurheufy|lappy,maidheufy,mehbedinokittehheufeh|lappeh,mehbedinokittehheufy,notfloofyatallheufy|work,nothingheufy,spoopneutje
1,hextech_t-rex,hextech_t-rex_
1,hg_pelts,hgpelts
1,hiramas,hiramas_,hiramas__,hiramas|2,hiramas|mobile,hiramas|mobile1,hira,hira_gas,hira_tab,hiraghast,hiraghost,hiramas_win,hiramasofthedead,hiramas|abitlesssicknow,hiramas|catonkeyboard,hiramas|sick,hiramas|tablet,hirams,hiraphone,hiraghast
1,his_ryanness,his_ryanness_
1,hkitain,hkitain1,hkitain_home,hkitain|home,hkitain_butt,hkitain_work,hkitain|mobile,hkitain|more_coffee,hkitain|ogencyan,hkitain|popcorn,hkitain|roid,hkitain|work,okitain,okitain_,okitain|butte,hkitten,hk
1,hollyberries1990,hollyberries1990_
1,holy_hotdog,holy_hotdog_
1,homoglyph,homoglyphz,dinocrittehglyph,dinoglyph,dinokittehglyph,ghlyffe,glyffe,glyph,hoemglyph,homogiyph,hulkoglyph,kittehglyph,nothinglyph,sologlyph,workglyph,workinglyph
1,hossdelux,hossdelux_
1,hotduck,hotduck|afk
1,hourglass,hourglass_,hourglass-university,hourglazz
1,hpbraincase,hpbraincase2,hpbraincase_,hpbroadcast-prep,hpbroadcastprep,hpworkcase,hpworkcase2,hpawaycase,hpbedrest,hpbiefcase,hpbirthdaycase,hpbrainphone,hpbriefcase,hpbriefcase2,hpbroadcast,hpnicktest,hpphonecase,hpphonecase2,hpstreamcase,hptwitchcon,hp|ekimsplace,hplaptopcase,hptabletcase
1,hubbeking,hubbecloud,hubbework,hubbeclass,hubbeclass_,hubbeclass__,hubbeclass___,hubbedublin,hubbedublin_,hubbesauna,hubbetrain,hubbetrain_,hubbework_,hubbe|sauna,hubbe,hubbeafk,hubbeattemptsdrawing,hubbeaway,hubbebro,hubbebsc,hubbecait,hubbederp,hubbederps,hubbedinotrain,hubbedip,hubbedoessweden,hubbedraws,hubbefox,hubbehotel,hubbeireland,hubbekingr,hubbekitteh,hubbekitty,hubbelapderp,hubbelaptop,hubbelinux,hubbemehbehkitteh,hubbemountain,hubbenewapartment,hubbeninja,hubbenom,hubbenoms,hubbenote,hubbepants,hubbepax,hubbephone,hubbepirateking,hubbeplays,hubbeprime,hubbescience,hubbesuna,hubbesweden,hubbetablet,hubbetardis,hubbethemagicalspacesteamtrain,hubbetour,hubbetraintwerk,hubbetwerk,hubbeworks,hubbleking,hubbletelescope,hubboat,hubbutt,hueking,hzubbeking,nhubbeking,queenhubbeking,sirhubbeking
1,hurrrr,hurrrr_
1,hyde94,hyde
1,hydrotopz,hydrotopz_
1,ian_,ian
1,icelight_,icelight
1,idealsarcasm,idealsarcasm_
1,illix,illix_,illix|--
1,infellrr,infel|lrr
1,infesord_,infesord
1,infinitejest,infinitejest_
1,inkdaemon,inkdaemon_
1,inkmouse,inkmouse_,inkmouse__
1,inquisitorjl,inquisitorjl_
1,insaif,insaif_
1,interhawk,interhawk_
1,ip1nbs,ip1nbs92
1,iserguy,iserguy_,iserguy__
1,isxdix,isxdix2
1,itazu,itazu_,ghostytazu
1,j,jace,waj
1,jack,jack_
1,jack_king,jack_king_
1,jake,jake_
1,james_,james
1,jarannis,jarannis_
1,jaxturtle_,jaxturtle
1,jayblanc,jayblanc_
1,jazzy_josh,jazzyjosh
1,jc,jc_
1,jenelmo,jenelmo_
1,jenpenn,jenpenn_
1,jeracotiii_,jeracotiii
1,jerry,jerry_,jerry__
1,jetpacksandlasers,jetpacks_and_lasers
1,jiga,jiga|,jiga-uni,jiga|uni,jiga-laptop,jigaface,jigahagablaga,jigahagajaganaga,jigahagajaganagaflaga,jigahaganaga,jigahaganagaalloneword,jigahaganagalagachagaalloneword,jigahagnaga,jiga|actuallyawake,jiga|makingpancakes,ghostofjiga,jiuagahuaganuaga
1,jjp2d_,jjp2d
1,johnka_42,johnka_42_
1,johnnydm,johnnydm_
1,johnnywhitebread,johnnywhitebread_
1,jollys_,jollys
1,jon,jon_
1,jondare,jondare_,jondare___,jondare|2
1,jopoho,jopoho_
1,joseph,joseph_
1,joven,joven_
1,juliagillard,julia_gillard
1,junkiyaz,junkiyaz_
1,ka13b,ka13bile,ka13box,ka13boxx,ka13boxxx,ka14bile,ka23b,kaa13b,kaaa13b,ka13b|mac
1,kain292,kain292_,kain292__
1,kalira,kalira_,kalira|2
1,kanadiantechy_,kanadiantechy
1,kara,kara_
1,karaksindru,karak-sindru
1,kate_lrr,kate_lrr__
1,katemonster,katemonster_
1,katholik,katholik_
1,keeyez,keeyez_
1,kein_derp,kein_geld,kein_geld_ipad,kein_geld_ipod
1,kellyinacan,kellyinacan1
1,kenny_,kenny__,kenny___
1,kenohki,ken-ohki_,ken-ohki__
1,ken|home,ken|home_
1,kew8715,kew8715_
1,kiaka,kiaka_
1,kidror,ki-dror,ki_dror
1,kidror-phone,kidrorphone
1,kidror_uni,kidroruni
1,kidspanner,ghostofkidspanner,ghostspanner,kiddospanner,kidmara,kidneedsasmoke,kigspanner,kidsnapper,kidspanner|wrenchboy,kidspannner,kodsponnor,koidspanner,ocdontsteal_kidzpanner,sirkidspanner,wrenchboi,wrenchbot,wrenchboy,wrenchboysbutt,wrennchboy
1,kikazi,kikazi_
1,kakulukia,kakulukia-ette,kakulukiaa
1,king-of-spades,king-of-spades_
1,kingkool,kingkool2099
1,kirkygirl_lappy,kirkygirl_lappy1
1,kite,kite_,fairykite
1,klaxon,klaxon_
1,knishimura,knishimura2,knishiboner,knishibutt,knishibutts,knishicmdr,knishidix,knishidongs,knishimuranus,knishiswag
1,knobster,knobster_
1,koolaroo_,koolaroo
1,kortanios,kortanios_
1,korvys,korvys_
1,kree,kree|2
1,kriegersan,krieger-san,kriegersan_
1,kriellya,kriellya_
1,kroze,kroze2
1,kthanid,kthanid_
1,labrat,labrat_
1,lady_pheonyx,lady_pheonyx_
1,ladymix,ladymix_
1,ladysephiroth,ladysephiroth_,ladyseph-ios,ladyseph[ipad],ladyseph_apple][,ladyseph_appleii,ladyseph_appleiiforever,ladyseph_mibbit,ladysephmobile
1,laef,laef_
1,lambmower,lambfone,lambfone2,lambmower_,lambmower__,lambtop,lambtop2,lambtop_,lambbot,lambbrower,lambfon,lambfondos,lambmowerderpschool,lambmowerina,lambmowerlapterp,lambmowerunderscore,lambmower|atnothome,lambmower|broadcast,lambmower|broadcasting,lambmower|notathome,lambmower|school,lambmower|work,lambmower|yudodispc,lambnet,lambphone,lambsinternet,lambtop|train,lambtrain,lambweb,notlambmoweratall,trainmower
1,lancer,lancer873
1,lariat,lariat_
1,lars_gerhard,larsgerhard
1,lars_gerhart,larsgerhart
1,larscis,larscis_,larscis`
1,lauph1tup,lauph-1t-up
1,lazarenth,lazarenth__
1,lb,lbbot,lbbot_,lbboot
1,leafar,leafar__
1,legrandloup_,legrandloup
1,lehteb,lehteb_
1,lekry1337,lek_ry
1,lemdarel,lemdarel_
1,lfx,lfx_
1,limilim,limilim_,limilim__
1,lirelent,lirelent_
1,lode21,lode
1,logsjuegos,logs_juegos
1,lone_bard,lone_bard|phone,lone_bard|phonogrraph
1,lonemeow,lonemeow__
1,lor,lor_
1,lord_bryon,lord_bryon_
1,lordbrat4,lordbrat,lordbrat41
1,lordmanimani,lordmanimani_
1,lordofthefros,lordofthefros_,lordofthefros__
1,lordsparks,lord_sparks,lordsparks|,lordsparks|tablet,lordsparks|zzz,lordsparks|zzzz
1,lordwolfwood,lord_wolfwood
1,lordzalzabar,lordzalzabar_
1,lordzarano,lord-zarano
1,lorennar,lorennar_
1,lostthepirate,lostthepirate_
1,louis,louis2,louis_
1,lowbatterylife,lowbatterylife|2
1,luckieduckie,luckieaway,luckieduckie2,luckieduckie_,luckieduckie__,luckie|away,badassduckie,badduckie,captainluckieduckie,chocolateduckie,derpyduckie,dirtyduckie,duckie,duckie-sempai,duckieluckie,emperessduckie,emperorduckie,festiveduckie,ghostduckie,jellieduckie,kittehduckietentacles,loudduckie,luckiduckie,luckie,luckieabsentie,luckieafrica,luckieai,luckieaicannibal,luckiealexis,luckieargh,luckiebadass,luckieballoon,luckiebatman,luckieboo,luckiebooped,luckiebox,luckiebro,luckiebunneh,luckiebunnehnewt,luckieburned,luckiebusser,luckiebusy,luckiecaffeinated,luckiecanadianduckula,luckiechange,luckieclick,luckiecreamed,luckiecupcake,luckiecuredduckie,luckiedanielle,luckiedarkwingduckie,luckiedemon,luckiedevil,luckiedino,luckiedix,luckiedragon,luckieduckie|afk,luckieduckie|away,luckieduckie|busy,luckieduckie|drawing,luckieduckie|sleeps,luckieduckie|washy,luckieduckula,luckieevil,luckieexploded,luckiefixit,luckiefloppedon,luckiefml,luckiefool,luckiefoxy,luckiefront,luckiegizmoduckie,luckieglitters,luckiegoat,luckiegoldengoose,luckiegoose,luckiegoosebumps,luckiegotobedalready,luckiegrimless,luckiegrumpie,luckiegunner,luckiehalfnewt,luckiehorse,luckiehungry,luckiehungrypopcicle,luckieinspace,luckieinvisible,luckiejellyfish,luckiekilly,luckiekim,luckiekisses,luckiekitteh,luckiekittehcannon,luckieknite,luckielegcramp,luckielime,luckielion,luckieloonie,luckielubed,luckiemage,luckiemagnet,luckieman,luckiemaster,luckiemermaid,luckiemite,luckiemod,luckiemover,luckiemower,luckienavi,luckienecktienewt,luckienewt,luckienewtai,luckienewtforlife,luckienewthead,luckienewtheart,luckienewtleg,luckienewtpants,luckienewtrality,luckienewt|afk,luckienothere,luckieobsolete,luckieoctopus,luckieoff,luckieoutlaw,luckieox,luckiepainy,luckiephone,luckiepirate,luckiepokemon,luckiepony,luckiepopcicle,luckiepopeye,luckieproxieduckie,luckiepussie,luckiepussy,luckieragingfury,luckiereaper,luckieroboduck,luckierock,luckiesad,luckiesandman,luckiesaucy,luckieseagull,luckiesleeplessintoronto,luckiesleepy,luckieslug,luckiesnail,luckiesnuggluppagus,luckiespider,luckiespoop,luckiesquid,luckiesquid_evil,luckiesunshine|away,luckiesuperbowl,luckietentacle,luckietentacles,luckietornado,luckietorontonian,luckietrain,luckietree,luckietroll,luckieturkey,luckieturkienewt,luckieuselessalias,luckievampire,luckiewik,luckiewizard,luckiewtfthisbreadtasteslikedoh,luckiezombie,luckiezombiefailsnail,luckie|afk,luckinewt,lucknewt,luckyai,luckyducky,nekedsleepyduckie,queenluckieduckie,sixfootduckie,sleepyduckie,sneezyduckie,tentaclesduckula,unluckieduckie,unluckienewt,danielle,danielle2,danielle,danielle_pepin,daniellepepin
1,luckystrikeforce,luckystrikeforce_
1,lumar_,lumar
1,luna,luna_
1,lunik1,lunik0,lunik1_,lunik1|lappy,lunik1|lappy486,lunik1|phone,lunik1|phone_,lunik1|android,lunik1|away,lunik1|emacs,lunik1|lappier,lunik1|laptop,lunik1|lunchy,lunik1|mobile,lunik1|munch,lunikmacs,gruenik1,walunik1
1,lynt007n,lyn_t007n
1,lysander,lysander_
1,m33p,m33p_
1,machacker24,machacker24_
1,madrak_the_red,madrak_the_red_
1,madtheorist,madtheorist_
1,maf,maf_
1,magnatek,magna|dmc,magna|persona2,magna|pn2,magna|portal2,magna|sonic,magna|xenoblade,tekkieman
1,makr,makr|atscouts
1,malfunct,malfunct_,malfunct`
1,mara,__mara,ma\ra,mara2,mara5,mara_
1,markus,markus_
1,moxcheese,wamoxy,moxeeek,mxcheese,mastercheese,mastercheese_,ghastercheese
1,mastergunner,master_gunner,train|gunner,mistressgunner,mistressgunner_,phone|gunner,phone_gunner,phonegunner,phone|gunner_,work|gunner,work_gunner,wagunner
1,masterm9099_,masterm9099__
1,maverick_hunter,maverick_hunter_
1,maya,maya_
1,maz,maz_
1,mcnuggats_,mcnuggats,mcnuggats__
1,me_,me
1,mechkeen,mechkeen_
1,medras,medras1
1,meeces_pieces,meeces-pieces
1,mega_dan_x,mega_dan_x_
1,megas3300_,megas3300
1,mia,mia_
1,miach,miach_
1,michaelrobles,michaelrobles_
1,midnight-eyes,midnight-eyes_
1,midnightive,midnightive_
1,mike_,mike
1,mildred_,mildred
1,miranda,miranda_
1,misdirects,misdirects_
1,mithodin,mithodin_
1,miv_nizzet,miv_nizzet_
1,mml007,mml
1,moatman,moatman_,moatman|macbook,moatman|phone
1,mobman,mobman84
1,morac,morac_
1,moraela,moraela_
1,morendur,morendur_
1,moriarty,moriarty42
1,mossy,mossy_
1,motherofchaos,motherofchaos_
1,mowinckel,mowinckel107,mowinckel1071,mowinckel_,mowinckel_m,mowinckell,mowinckl,mowinckle
1,mr_blue_sky,mrblue
1,mr_xathrid,mr_xathrid_
1,mrbill,mr_bill
1,mrcollins,mrcollins_
1,mrkmil,mr_kmil
1,mrkrag,mrkrag_
1,mudflap,mud_flap,mudflap_
1,mulgar,mulgar_
1,mums,mums_,mums__,mums___
1,mxharry,mxharry_
1,mynameisie,mynameisie_
1,myzruin,myzruin_
1,n_mandrag_,n_mandrag,n_mandrag__,n_mandrag___,n_mandrag____,n_mandrag_____,n_mandrag______,n_mandrag_______
1,narcklefarm,narcklefarm_
1,narcuru,narcuru1
1,nateman,nateman_
1,nathan7877,nathan7877_,nathan7877__
1,nathanlonghair,nathanlonghair__
1,nathar,nathar_
1,naxochils_,naxochils__
1,nccish,nccish_,nccish__
1,neromcnamara_,neromcnamara
1,neveth,neveth_
1,nevilock,nevilock_
1,nicholasmc1,nicholasmc1_
1,nickname,nickname1
1,nights,nights_
1,nightvalien,nightvalien_,nightvalien__
1,niltak,niltak_
1,ninety_three,ninety-three
1,no,no_
1,no_one,no_one_
1,nodog,nodog_
1,nolando_bloom_,nolando_bloom,nolando_bloom__
1,noom--h,noom--h_,noom-h
1,norwester,norwester_
1,nos42,nos42_
1,not_a_horse,not_a_horse__
1,nova,novadale
1,noy2222,noy2,noy222,noy2222-work,noy2222[la972],noy2222[la],noy2222[lamibbit],noy2222[lamibbit]],noy2222_work,noy5731,noy_2222,kittynoy,notnoy2222,noy2222[[werk],noy2222[airpert],noy2222[airport],noy2222[dbing],noy2222[l],noy2222[la90percentfat],noy2222[la90percentpony],noy2222[laa],noy2222[laal],noy2222[labamba],noy2222[labed],noy2222[labirthday],noy2222[lacough],noy2222[lacreativity],noy2222[lacrisps],noy2222[ladiamond],noy2222[ladoughnut],noy2222[laenslaveler],noy2222[lafine],noy2222[lafirst],noy2222[lagamba],noy2222[lagambia],noy2222[lagold],noy2222[laguardia],noy2222[lakinder],noy2222[lala],noy2222[lalady],noy2222[lalala],noy2222[lalalala],noy2222[lalalalala],noy2222[lalava],noy2222[laleft],noy2222[laleftabstart9],noy2222[lalog],noy2222[lalowhp],noy2222[lamuffine],noy2222[lamurmur],noy2222[lanever],noy2222[lanick],noy2222[lano],noy2222[lantfs],noy2222[lanumber],noy2222[lapanic],noy2222[lapanties],noy2222[lapants],noy2222[lapapakaramba],noy2222[lapapapapatop],noy2222[lapinkie],noy2222[laplaptoptop],noy2222[lappapa],noy2222[lappapapapata],noy2222[lappop],noy2222[lappotop],noy2222[lappy],noy2222[lappytop],noy2222[laprofit],noy2222[laptop],noy2222[laptopping],noy2222[laptoppinging],noy2222[laptoptop],noy2222[laquark],noy2222[laquatra],noy2222[laroaming],noy2222[laroomba],noy2222[lasafe],noy2222[laselect],noy2222[lasim],noy2222[lasleepy],noy2222[lasoapy],noy2222[lasocialist],noy2222[lasomething],noy2222[laspace],noy2222[lastupid],noy2222[latop],noy2222[latoptop],noy2222[latpop],noy2222[latrainer],noy2222[latree],noy2222[lawhynot],noy2222[lawoe],noy2222[lawoo],noy2222[laxny],noy2222[lazonkey],noy2222[mibbit],noy2222[mibbitting],noy2222[phone],noy2222[prison],noy2222[talopp],noy2222[taltop],noy2222[toplap],noy2222[werk],noy2222[wiiu],noy2222[wurk],noy2222_l,noy2222a,noy2222bicycle,noy2222car,noy2222m,noy2222s_ass,noy2222s_brain,noy2222s_mother,noy2222s_mouth,noy2222s_stomach,noy222[lafighting],noy222[laptop],noy222[lasell],sir_noy2222,werekittynoy
1,nucleomancer,nucleomancer_
1,nullvoid,nullvoid_
1,number_last,number_last_
1,nweasel,nweasel_
1,occamsrazor,occams_razor,occamsrazor_
1,octavia,octavia_
1,ohlookitsmatty,ohlookitsmatty_
1,ojii,ojii_,ojii|mobile,ojii|work
1,okitain_home,okitain|home
1,okitain|mobile,okitain|mobile2
1,omanth,omanth_
1,omega_aggron,omega_lairon
1,omnilord,omni_lord,omnilord_
1,onethreefour,onethreefour_
1,opened_,opened
1,opie,opie74
1,orannis,orannis_
1,orion,orion_
1,owner_,owner__
1,palepail,palepail_
1,pandas_and_pancakes,pandas__and_pancakes,pandas_and_pancakes_,pandas_and_pancakes__,pandasandpancakes
1,pao,pao`
1,paradoxofpersonality_,paradoxofpersonality
1,paranundrox,paranundrox_
1,pariah164,pariah164|2
1,pax_britannica,paxbritannica
1,phantom_renegade,phantom_renegade_
1,phantombus,phantombus_
1,phoenix,phoenix_
1,phrixscreoth,phrixscreoth_
1,physicsman,physicsman_
1,pienne,pienne_,pienne`
1,pikachaos,pika,pika_chaos,pikachaos2,employedpika,pika_fon,pikaberry,pikabro,pikabutt,pikacantsleep,pikadanchou,pikahugs,pikawork,pika|finalsdying,workpika,kells
1,piousheathen,pious_heathen
1,pockets__,pockets
1,poop,poop_
1,poort_,poort
1,popechris,popechris19
1,poptart,poptart_
1,potato,potato2
1,potemkin,potemkin_,potemkin__,potemkin|badinternet,potemkin|crappynetwork,potemkin|lappy
1,prag,prag_
1,propanepsycho,propanepsycho_
1,prospero101_,prospero101
1,prsntypething,prsntypething_
1,psycat_aurora,psycat_aurora_
1,psychon,psychon_,psychon__
1,psychopez,psychopez_
1,ptaylor,ptaylor_
1,puhnkss,puhnkss_
1,pulsar,pulsar_
1,punkrockzoologist,punkrockzoologist_
1,pyro1234,pyro
1,quarternote,quarternote_,quartervolt,quartervolt2,quartervolt3,quart3rnexus,quarte2nexus,quarte2note,quarteraway,quarterchem,quarterkiwi,quarterlab,quarternexus,quarternexus2,quarternexus3,quarternoid,quarternot3,quarternote3,quarternote|advice,quarternote|baseball,quarternote|school,quarternote|work,quarterrest,quartersick,quartertribute,quartertribute2,quartervway,quartnav|afk,quartnav|away,quartnav|sleep
1,quellun_,quellun
1,quill0,quill,quill1
1,quinton,quinton_
1,quintondreaming,quintondreaming_,quintondreaming__
1,r4v5,r4v51
1,racecarradar_,racecarradar
1,radio414,radio414__
1,raevn,raevn_
1,raiger,raiger_
1,rain,rainlap,rainphone,samanthaghost,samantha,samphone,sam,erika,erika_,erika_the_red_panda,erika_the_red_phonda,erikaghost,erikatheredphonda,zeke229,rev_zeke_the_red_panda,zeke,zeke10,zeke220,zeke2299,zeke_the_red_panda,zeketheredpanda,dr_zeke_the_chinchilla,dr_zeke_the_red_panda,dr_zeke_the_red_pandragon,god_of_gods_zeke_the_red_panda,king_zeke_the_red_panda,zeke_ghost,zeke_god,zeke_nominal,zeke_the_blue_panda,zeke_the_glow_butt,zeke_the_maroon_panda,zeke_the_red_cardinal,zeke_the_red_krampus,zeke_the_red_luckie,zeke_the_red_panda_bird,zeke_the_red_pandbutt,zeke_the_red_phonda,zeke_the_redcau,zeke_the_rich_panda,zeke_the_sick_panda,zeke_the_sick_red_panda,zekebutts,zekephonr,zeke_ghost,zeke_the_ghost
1,raksha,raksha_
1,ravynninlab,ravynninlab_
1,rayc314151,rayc31415,rayc314151_,rayc314152,rayc314153,rayc314155
1,raypenbar,raypenbar|2
1,razgrizaces,razgrizaces_
1,rdex,rdex_
1,really_redroy,reallyredroy,reallyredroy_
1,rebelliousmobile,rebelliousuno,rebelliousuno-mobil,rebelliousuno-mobile,rebelliousuno|roleplaying,rebelliousuno|streaming
1,rebsa,rebsa_
1,redbeard,redbeard__
1,redheadedgoof,redheadedgoof_
1,redraptor,redraptor_
1,regal_,regal
1,rellyab,rellyab_
1,relnik,relnik_,relnik___
1,remove_coin,remove_coin_
1,remus,remus_
1,reptile,reptile_
1,requit,requit_,requit__
1,reverendbrowning,reverend_browning
1,reverendtrips_,reverendtrips
1,rhapsody0325,rhapsody032590
1,rhotias,rhotias2,rhotias_
1,ricflair1,ricflair
1,ricin,\^ri{cin,\
1,rider_bronc,rider-bronc
1,rikadyn,rikadyn-2,rikadyn3,rikadyn4,rikadyn_2
1,rikukitsune,rikukitsune_
1,rings,rings_
1,riokusolana,rioku_solana
1,rmed,rmed_,rmed__
1,robo4900,robo4900_
1,robp,robp_
1,rocketfox45,rocketfox45_
1,roosevelt,roosevelt_,rooseveltthecat_,rooseveltthecat,roosevellt,roosevelt_fon,roosevelt_gaem,roosevelt_pax,roosevelt_pls,roosevelt_popsicle,roosevelt_stupidlyloggedinagain,roosevelt_tablet,roosevelt_tablet2,roosevelt_win,roosevelt_win2,roosevelt_work,spookevelt,spooksevelt,roo_fon2,roo_fon3,roo_work,roomba
1,rootbreaker,rootbreaker_
1,rosenightshade,rosenightshade_
1,roukillingtime,rou-killingtime
1,rucdoc,rucdoc_,rucabout,heinz_doofenshertz,heinz_doofenshertz_,heinz_doofenshertz__,rucdoc_laptop
1,rule,rule_
1,rurouken,rurouken_
1,russell__,russell,russell_
1,russia,russia_
1,rusten_skurk,rustenskurk
1,rye_,rye
1,rye_and_wheat,rye_and_wheat1
1,sakurazaki,sakurazaki1023
1,samael_,samael
1,samkvi,samkvi|2
1,sammy-boy,sammy-boy_
1,samsoneffect_,samsoneffect
1,sanityisoverrated,sani,sanidroid,sanity,sanityis0verrated,sanityismobile,sanityisroaming,sanityiswandering,sanitywork
1,sascha,sascha_
1,sash_,sash
1,satchamobob,satchamobob_
1,satheus,satheus_
1,saunabath,saunabath_
1,scal37,scal37_
1,scarecrow,scarecrow13
1,schalakitty,schalakitty_
1,schmoopy42,schmoopy42_
1,scottgoblue314,scottgoblue,scottgoblue314_
1,scotty,scotty_
1,scr,scr_
1,scubaturple_,scubaturple
1,sean,sean2222
1,seaninomaha,seaninomaha_
1,seanmwebb,seanmwebb_,seanmwebb__
1,seantheirishbstard-afk,seantheirishbstardafk
1,sedim_,sedim
1,seeda,seeda_
1,sekh,sekh__
1,sektor88,sektor89
1,senecastudents_,senecastudents
1,senstaku,senstaku|overwatch,senstaku|streaming,senstaku|work
1,setarelven,setar_elven
1,sevar,sevar_
1,shadowx541,shadowx541_
1,sherlock,sherlock3044
1,shiftius,shiftius_
1,shurtal,shurtal_
1,sickdog_,sickdog
1,sideralarts,sideralarts_
1,silkypie,silkypie2
1,silpho,silpho_
1,sir_jack,sir_jack|2,sir_co-jack,sir_jack|droid,sir_jack|lappy,sir_jack|pc,sir_jack|sleep
1,sirdarksun,sirdarksun_
1,sirdoctorpittingtonsmideii,sirdoctorpittingtonsmideii_,sirdoctorpittingtonsmideii__,sirdoctorpittingtonsmideii___
1,sirsilentscope,sirsilentscope_,sirsilentscope__
1,sirsmideii,sirsmideii__
1,sixfooturkey,sixfootwurkey,sixnewtturkey,sixtentacleturkey
1,sizzlorr__,sizzlorr
1,sjakie,sjakie_
1,sjksprocket,sjksprocket_
1,sjsharks,sjsharks_
1,sk,sk_
1,skren,skren_
1,skrist,skrist_
1,skyryder,skyryder_
1,slashe,slashe_
1,sleepingd,sleepingd_
1,sleepycat,sleepycat__
1,sleepyparadox,sleepyparadox|dev,sleepyparadox|phone
1,sleepyted,sleepyted_,sleepyted__,sleepyted___
1,sloth616,sloth
1,smeghead87,smeghead
1,smilingsilence,smilingsilence_
1,smudgedprints,smudgedprints1,smudgedprints_
1,sneaky,sneaky_
1,somebodynowhere,somebodynowhere_
1,someonenonotyou,someonenonotyou_
1,somkun,somkun_
1,spacecowboy,space_cowboy
1,spartann30,spartan_n30,spartann30_
1,sparty,sparty_
1,spatterjayhoop,spatterjayhoop_
1,speirling,speirling_
1,splott,splott_
1,spluuga,spluu,spluu1,spluu2,spluuga0,spluuga_,spluu_,spluu__,spluudrone,spluuface,spluuky,spluuuuuuudrone,spluu|ork,spluu|school,spluu|work
1,spoon,spoon_,spoon__,spoon___
1,squijum,squijum01
1,srgberry,srgberry_
1,stalkers,stalkers_
1,starnerf,starnerf_,starnerf[work],starnerf[work]_
1,steamcastle,steamcastle1,steamcastle_
1,stephonee,stephonee1,stephonee2,stephonee_
1,steve_,steve
1,stoffern_laptop,stoffern__laptop3
1,stormagnet,stormagnet1,stormagnet_
1,storne,storne_
1,strave_,strave,strave3
1,strigonleader_,strigonleader
1,suffix,suffix_
1,suitablyepic,suitablyepic_
1,sunspot,sunspot_
1,super_bagel,super_bagel_
1,supermonkeygx3,supermonkeygx3|2,supermonkeygx3|4
1,sweedchef,sweedchef|twerk,sweedchef_twerk,sweedchef|away,sweedchef|home,sweedchef|lunch,sweedchef|work
1,symphony,swolephoniclolita,symph,symphatcon,symphatschool,symphatshow,symphatwork,symphintransit,symphobaking,symphoghost,symphonabus,symphone,symphoniclolita,symphonomnom,symphosewing,symphostrider,symphosunning,symphotiri,symphoutandabout,symphoutside,sympho|afk,sympho|game,symph|places,sympohny
1,tachyondecay,tachyondecay_
1,tahki,tahki_
1,taichanie,taichanie_
1,talec,talec|
1,talin,talin_
1,tangle,tangle_
1,taos,taos_
1,tappedout,tappedout_
1,targe,targe_
1,taveena,taveena1
1,team_pika_,team_pika
1,ted,ted_
1,tehbeard,tehbeard_
1,teiran,teiran_
1,telak,telak_
1,tensen01,tensen01__
1,tenthzed_,tenthzed
1,tequilaguy,tequilaguy_
1,terefar,terefar__
1,test,test2
1,that_guy,that_guy_
1,the_,the
1,the_architect,the_architect_
1,the_hatman__,the_hatman
1,the_lone_bard,the__lone__bard
1,the_mad_pirate,the-mad-pirate
1,theartistformerlyknownasvaritel,theartistformerlyknownasvaritel_
1,thebackpack,thebackpack2
1,thebeard,thebeard_,thebeard___
1,thebonz,thebonz_,thebonz__
1,thebox,thebox_,thebox_actually-sleeping-now,thebox_in-his-teacup,thebox_sleeping,thebox_withavoicechanger,thebox_work,thebox_working,theboxdinokitteh_in-his-teacup,thebox|snooze
1,thecaptainofmine,thecaptainofmine_
1,thedemons,the_demons
1,thehysteriaman_,thehysteriaman
1,thelrrker,thelrrker|2,thelrrker|a,thelrrker|again,thelrrker|ambush,thelrrker|around,thelrrker|awaaaay,thelrrker|awakened,thelrrker|away,thelrrker|b,thelrrker|brooding,thelrrker|crimefighting,thelrrker|distracted,thelrrker|fails,thelrrker|fish,thelrrker|happy,thelrrker|notsleeps,thelrrker|returns,thelrrker|stays,thelrrker|stealth,thelrrker|zzzz
1,themadpunter,themadputler,themadputner
1,themrb,themrb_
1,theputz,theputz_
1,theukuncle,theukuncle_
1,theuntitled,theuntitled1,theuntitled_
1,thorin01,thorin,thorin01_
1,thorinsblade,thorinsblade_
1,thri,thrikreen,twerkkreen
1,tom_,tom,tom666
1,topspot123,topspot123_
1,tractor__,tractor_
1,trahsi,trahsimobile,aeltrius,trahsidroid
1,transmit,transmit_
1,tribble-tribal,tribble_tribal
1,trishalynn,trisha_lynn
1,trivial_punk,trivialpunk
1,trombone_hero,trombone_hero_
1,trty0_,trty0,trty0__,trty0___,trty0____
1,tstodden,tstodden_,tstodden__
1,emily,tsukiakariusagi,tsukiakariusagi_,emily[ios],emily[nottwerking],emily[twerk]
1,tuckiozi,tuckiozi_
1,tufty42,tufty
1,turetapir,turetapir_
1,tux789_,tux789__
1,twodeetwowill,twodeetwowill_
1,twostepz,twostepz-work
1,starlitghost,waaahlitghost,tyranic-moron,t-m[work],t-m|work,tyranic-moron|2,tyranic_moron,tyranicmoron,t-m,t-m[pirate],t-mork,t-m|android,t-m|asleep,t-m|bork,t-m|brork,t-m|chicago,t-m|dip,t-m|jirc,t-m|kwirc,t-m|lunch,t-m|mehbehwork,t-m|pax,t-m|phone,t-m|s3,t-m|seattle,t-m|space,t-m|train,t-m|twerk,tyranic-moron|meng
1,tytycoon,tytycoon_
1,u2k,u2k_
1,ufokraana,ufokraana_
1,unspeakablepat,unspeakablepat_
1,untested_methods,untestedmethods
1,uppercaseccc,uppercaseccc_
1,upperguy,upperguy_
1,vaelith,vaelith_,vaelith__,vaelith_phone,vaelith_work,vaelith|sky
1,vale,vale_
1,valentari,valentari_
1,van_tuber,van_tuber_
1,vanquishuer,vanquishuer_
1,vanzanfl,vanzanfl_
1,varmintx,varmintx_
1,vectorzero,vectorzero_
1,violetsovereign,violetsovereign_
1,volpinprops,volpin_props
1,vukith,vukith_,vukith__
1,vulcnor,vulcnor_
1,wanted0072,wanted0072_
1,warhamster40k,warhamster40k_
1,warlordbill,warlord_bill
1,warmachine,war_machine
1,warmonkey,warmonkey782
1,watsonlytwick,watson_lytwick
1,wayf,wayf_
1,wayfinder,wayfinder_
1,welshman,welshman_
1,whaleplaids_,whaleplaids
1,what,what_
1,wildpeaks,wildpeaks_
1,wildy,wildy2,wildy_,wildy__,wildy_______________________,wildybookface,wildybroked,wildyfon,wildy|football,wildy|sleeps,wildy|somewhere
1,willitwork,willitwork_
1,willowspark,willowspark_
1,wingdairu,wing_dairu
1,withervoice,withervoice_
1,wokenclick,wokenclick_,wokenclick__,wokenclick_p,wokenclick_test,wokenclick_web,wokenclick_work
1,woland_,woland
1,wolf101,wolf1102,wolf_101
1,wolfflight,wolfflight2
1,woodthorn,woodthorn_
1,wootsuitriot_,wootsuitriot
1,wraithfighter,wraithfighter_
1,wrightguy0,wrightguy0_
1,wswordsmen,wswordsmen_,wswordsmen__
1,wykanico,wykanico_
1,xcelticwolf,xcelticwolf_,xcelticwolf__
1,xed,xed_
1,xelareko,xela_reko,ghostofxela,xel|work,xel_work,work|xela,xela,xeladog,xelafako,xelag,xelagecko,xelagibmemahtell,xelapuppehs,xelareco,xelareka,xelareko|cell,xelarexo,xelasniffles,xelaspoops,xelastew,xelatells,xelayzarc,xela|cell,xela|kerbal,xela|lunch,xela|meeting,xela|nude,xela|puppyme,xela|sekrit_doge,xela|sleep,xela|sorry,xela|tellbomb,xela|twerk,xela|wink,xela|work,xela|zombie,xeleton,xeletron,xelfone,xelockper,xelphone,xelularfone,xelu|wurk,xel|avoidingtells,xel|cell,xel|dindin,xel|gone,xel|gunner,xel|nopuppies,xel|notells,xel|notprepared,xel|oops,xel|pf,xel|puppehs,xel|scared,xel|scaredoftells,xel|sekrittwerk,xel|tired,xel|twerk,xel|twerkedout,xel|wonk,xel|work|a,waxela,xela|workbot
1,xm1sf1tx,xm1sf1tx_
1,xtine_,x_tine,x_tine_,xtine,xtine__,xtine_droid,xtine_pc
1,xuberfail,xuberfail_,
1,xylophobian,xylophobian-p
1,yadda,yadda_
1,yareyare26,yareyare25,yareyare26_,yareyare26__
1,yazdragon_,yazdragon,yazdragon__
1,yepimapersonwaving_,yepimapersonwaving
1,ylegm,ylegm|2,ylegm-away,ylegm|away,ylegm-ghost,ylegm|ghost,ylegm-work,ylegmwork,ylegmfon,ylegm-fon,ylegm|sick,ylegm-sick,ylegm-again,ylegm-blah,ylegm-catering,ylegm-cleaning,ylegm-ded,ylegm-dinner,ylegm-ffs,ylegm-foodafk,ylegm-frrrp,ylegm-fudz,ylegm-gaems,ylegm-happyplace,ylegm-hockey,ylegm-home,ylegm-internet,ylegm-internetsplits,ylegm-lappy,ylegm-lazy,ylegm-login,ylegm-myteamlost,ylegm-nightshift,ylegm-ow,ylegm-shitternet,ylegm-sleep,ylegm-sleepybai,ylegm-slorps,ylegm-sn00zing,ylegm-snooze,ylegm-toolazytologin,ylegm-tubespls,ylegm-typeytypeyafk,ylegm-wcs,ylegm-wirk,ylegm-wuirk,ylegm-wurk,ylegm-wurk|2,ylegm_tablet,ylegmtab,ylegm|sleepytimes,ylegm|twerk
1,yoda____,yoda
1,yolosweg_,yolosweg
1,yoshi,yoshi001
1,yoshi_gal,yoshigal
1,ytook,ytook_
1,zaaland,zaaland_,zaaland__
1,zacman,zacman_
1,zael_,zael
1,zaltharas,zaltharas_
1,zanasobayncuh,zanasobayncuh_
1,zanzabar,zanzabar_
1,zeldazach,zeldazach_wurk,zeldazach_,zeldazac,zeldazac_
1,zephe,zephe_
1,zeruss,zeruss_
*,zzz
